{"Num decodes": 5, "temperature": 1.0, "Top p ": 1.0, "Top k": 30, "BLEU Arithmetic": 0.019981411133834323, "BLEU Sampling": 0.017212756141215244, "N gram diversity Arithmetic": 3.645404753090281, "N gram diversity Sampling": 3.5802439990381973}