{"Num decodes": 10, "temperature": 0.5, "Top p ": 1.0, "Top k": 30, "BLEU Arithmetic": 0.0006406771782157537, "BLEU Sampling": 0.0006984871697904822, "N gram diversity Arithmetic": 3.4150197233566777, "N gram diversity Sampling": 1.559090891439088}