{"Num decodes": 5, "temperature": 0.5, "Top p ": 1.0, "Top k": 50, "BLEU Arithmetic": 0.0007271250564575922, "BLEU Sampling": 0.0011691963738476514, "N gram diversity Arithmetic": 3.5833332862787795, "N gram diversity Sampling": 2.716666630076039}