{"Num decodes": 10, "temperature": 0.5, "Top p ": 0.8, "Top k": 30, "BLEU Arithmetic": 0.0009621637018743856, "BLEU Sampling": 0.0008247353088302789, "N gram diversity Arithmetic": 1.4674369611545015, "N gram diversity Sampling": 1.4674369611545015}