{"Num decodes": 5, "temperature": 0.5, "Top p ": 1.0, "Top k": 50, "BLEU Arithmetic": 0.05301320089062439, "BLEU Sampling": 0.07611476303041122, "N gram diversity Arithmetic": 3.2068056341756117, "N gram diversity Sampling": 2.4972721641844613}