{"Num decodes": 10, "temperature": 1.0, "Top p ": 0.8, "Top k": 30, "BLEU Arithmetic": 0.0009211341514548876, "BLEU Sampling": 0.00031392105963608653, "N gram diversity Arithmetic": 3.657824910490562, "N gram diversity Sampling": 3.502840862216586}