{"Num decodes": 5, "temperature": 0.5, "Top p ": 0.8, "Top k": 30, "BLEU Arithmetic": 0.1331522495422063, "BLEU Sampling": 0.13305930816749792, "N gram diversity Arithmetic": 1.4940776767847923, "N gram diversity Sampling": 1.4036183943160503}