{"Num decodes": 10, "temperature": 0.5, "Top p ": 0.8, "Top k": 30, "BLEU Arithmetic": 0.021475139257801333, "BLEU Sampling": 0.03317721072291688, "N gram diversity Arithmetic": 2.191163335747053, "N gram diversity Sampling": 2.0300704150062376}