{"Num decodes": 5, "temperature": 0.5, "Top p ": 0.8, "Top k": 50, "BLEU Arithmetic": 0.0210506400855606, "BLEU Sampling": 0.023423885518019667, "N gram diversity Arithmetic": 2.8764657432659924, "N gram diversity Sampling": 3.1868626367748796}