{"Num decodes": 10, "temperature": 0.5, "Top p ": 1.0, "Top k": 50, "BLEU Arithmetic": 0.0008645414465162989, "BLEU Sampling": 0.0006984871697904822, "N gram diversity Arithmetic": 3.4228571118348303, "N gram diversity Sampling": 1.559090891439088}