{"Num decodes": 5, "temperature": 1.0, "Top p ": 0.8, "Top k": 50, "BLEU Arithmetic": 0.0004743880904585217, "BLEU Sampling": 0.00015772544352518522, "N gram diversity Arithmetic": 3.764705810290152, "N gram diversity Sampling": 3.699999839862202}