{"Num decodes": 5, "temperature": 1.0, "Top p ": 1.0, "Top k": 50, "BLEU Arithmetic": 0.014052973807603392, "BLEU Sampling": 0.017589746618926292, "N gram diversity Arithmetic": 3.7260348058385873, "N gram diversity Sampling": 3.257055044102297}