{"Num decodes": 5, "temperature": 0.5, "Top p ": 1.0, "Top k": 30, "BLEU Arithmetic": 0.07656039581521507, "BLEU Sampling": 0.054557016625827806, "N gram diversity Arithmetic": 2.8894766241830707, "N gram diversity Sampling": 3.151162497486568}