{"Num decodes": 5, "temperature": 1.0, "Top p ": 0.8, "Top k": 30, "BLEU Arithmetic": 0.04771729780021507, "BLEU Sampling": 0.050864026206685196, "N gram diversity Arithmetic": 2.8713143886088153, "N gram diversity Sampling": 3.1323870256702646}