{"Num decodes": 5, "temperature": 1.0, "Top p ": 1.0, "Top k": 50, "BLEU Arithmetic": 0.00023735974230114566, "BLEU Sampling": 0.0005551281020439525, "N gram diversity Arithmetic": 3.944444391932357, "N gram diversity Sampling": 3.8823528682887036}