{"Num decodes": 5, "temperature": 1.0, "Top p ": 0.8, "Top k": 50, "BLEU Arithmetic": 0.0387312979038029, "BLEU Sampling": 0.028815604263780693, "N gram diversity Arithmetic": 3.3272889442881004, "N gram diversity Sampling": 3.3695404079382802}