{"Num decodes": 5, "temperature": 0.5, "Top p ": 1.0, "Top k": 30, "BLEU Arithmetic": 0.0008702035295742076, "BLEU Sampling": 0.0011691963738476514, "N gram diversity Arithmetic": 3.612781910898481, "N gram diversity Sampling": 2.716666630076039}